[
    {
        "Label": "Amount",
        "value": "750.00"
    },
    {
        "Label": "Payments & Credits",
        "value": "885.00"
    },
    {
        "Label": "Available Cash Limit",
        "value": "2000.00"
    },
    {
        "Label": "Payment Due Date",
        "value": "01 Apr 2023"
    },
    {
        "Label": "Statement Date",
        "value": "12-03-2023"
    },
    {
        "Label": "Min.Amt.Due",
        "value": "1654.16"
    },
    {
        "Label": "Total Amount Due PAY NOW",
        "value": "33083.16"
    },
    {
        "Label": "Last Bill Amount",
        "value": "885.00"
    },
    {
        "Label": "Mobile",
        "value": "919XXXXXX964"
    },
    {
        "Label": "Card Number",
        "value": "XXXXXXXXXXXXXX33"
    },
    {
        "Label": "Statement Period",
        "value": "13-02-2023 to 12-03-2023"
    },
    {
        "Label": "Total Credit Limit",
        "value": "122000"
    },
    {
        "Label": "Opening Balance",
        "value": "3016"
    },
    {
        "Label": "Available Credit Limit",
        "value": "88916.84"
    },
    {
        "Label": "Available Reward Points",
        "value": "3354"
    },
    {
        "Label": "E-mail",
        "value": "A *N@GMAIL.COM"
    }
]