[
    {
        "Label": "Address",
        "value": "MANIHAR CHAWL AZAD COMPOUND NEARNOORANI MASJID GANDI NGR KANDIVLI WEST SUBURBAN MUMBAI-400067 MHS"
    },
    {
        "Label": "Name",
        "value": "ABDUL BILAL ABDUL KALAM"
    },
    {
        "Label": "Purchase/Debits",
        "value": "14125.17"
    },
    {
        "Label": "Payment Due Date",
        "value": "11/05/2023"
    },
    {
        "Label": "Statement Date",
        "value": "21/04/2023"
    },
    {
        "Label": "GSTIN",
        "value": "33AAACH2702H2Z6"
    },
    {
        "Label": "Total Dues",
        "value": "14096.00"
    },
    {
        "Label": "Minimum Amount Due",
        "value": "710.00"
    },
    {
        "Label": "Email",
        "value": "ABDULBILAL.KHAN@GMAIL.COM"
    },
    {
        "Label": "Card No",
        "value": "5523 65XX XXXX 9794"
    },
    {
        "Label": "Credit Limit",
        "value": "264000"
    },
    {
        "Label": "Available Credit Limit",
        "value": "249904"
    },
    {
        "Label": "Available Cash Limit",
        "value": "105600"
    },
    {
        "Label": "OpeningBalance",
        "value": "18072.46"
    },
    {
        "Label": "Payment/Credits",
        "value": "18101.19"
    },
    {
        "Label": "FinanceCharges",
        "value": "0.00"
    },
    {
        "Label": "Current Dues",
        "value": "710.00"
    },
    {
        "Label": "EMAIL",
        "value": "BANKCLAIMS@HDFCERGO.COM"
    }
]