[
    {
        "Label": "Amount",
        "value": "176.82"
    },
    {
        "Label": "Payments & Credits",
        "value": "7010.31"
    },
    {
        "Label": "Payment Due Date",
        "value": "04 Apr 2022"
    },
    {
        "Label": "Statement Date",
        "value": "15-03-2022"
    },
    {
        "Label": "Total Credit Limit",
        "value": "463600"
    },
    {
        "Label": "Total Amount Due PAY NOW",
        "value": "5715.62"
    },
    {
        "Label": "Last Bill Amount",
        "value": "7010.31"
    },
    {
        "Label": "Mobile",
        "value": "919XXXXXX752"
    },
    {
        "Label": "Card Number",
        "value": "XXXXXXXXXXXXXX95"
    },
    {
        "Label": "Min.Amt.Due",
        "value": "285.78"
    },
    {
        "Label": "Opening Balance",
        "value": "269"
    },
    {
        "Label": "Available Credit Limit",
        "value": "457641.38"
    },
    {
        "Label": "Available Cash Limit",
        "value": "22800.00"
    },
    {
        "Label": "E-mail",
        "value": "B*****R@GMAIL.COM"
    }
]