[
    {
        "Label": "Payments/Credits",
        "value": "10375.40"
    },
    {
        "Label": "Available Cash",
        "value": "30000.00"
    },
    {
        "Label": "Cash Limit",
        "value": "30000.00"
    },
    {
        "Label": "PAYMENT DUE DATE",
        "value": "May 30 2023"
    },
    {
        "Label": "STATEMENT DATE",
        "value": "May 12 2023"
    },
    {
        "Label": "Invoice No",
        "value": "1574120501188070"
    },
    {
        "Label": "Previous Balance",
        "value": "10375.40"
    },
    {
        "Label": "Total Amount due",
        "value": "34391.74"
    },
    {
        "Label": "Minimum Amount due",
        "value": "11540.00"
    },
    {
        "Label": "Purchases/Charges",
        "value": "34391.74"
    },
    {
        "Label": "Cash Advances",
        "value": "0.00"
    },
    {
        "Label": "Credit Limit (Including cash)",
        "value": "300000.00"
    },
    {
        "Label": "Available Credit (Including cash)",
        "value": "265608.26"
    },
    {
        "Label": "Statement period",
        "value": "April 13 2023 to May 12 2023"
    }
]