[
    {
        "Label": "Amount",
        "value": "1.00"
    },
    {
        "Label": "Payments & Credits",
        "value": "7466.00"
    },
    {
        "Label": "Available Cash Limit",
        "value": "22800.00"
    },
    {
        "Label": "Payment Due Date",
        "value": "Not Applicable"
    },
    {
        "Label": "Statement Date",
        "value": "15-11-2022"
    },
    {
        "Label": "Total Credit Limit",
        "value": "463600"
    },
    {
        "Label": "Total Amount Due PAY NOW",
        "value": "1.90"
    },
    {
        "Label": "Last Bill Amount",
        "value": "8642.92"
    },
    {
        "Label": "Mobile",
        "value": "919XXXXXX752"
    },
    {
        "Label": "Card Number",
        "value": "XXXXXXXXXXXXXX02"
    },
    {
        "Label": "Min.Amt.Due",
        "value": "0.00"
    },
    {
        "Label": "Opening Balance",
        "value": "1306"
    },
    {
        "Label": "Available Credit Limit",
        "value": "461739.67"
    },
    {
        "Label": "Available Reward Points",
        "value": "1306"
    },
    {
        "Label": "E-mail",
        "value": "*****R@GMAIL.COM"
    }
]