[
    {
        "Label": "Customer Name",
        "value": "NILESH BHUPENDRA PAREKH"
    },
    {
        "Label": "Current Cash Advance",
        "value": "0.00"
    },
    {
        "Label": "Last Payments Received",
        "value": "60667.99"
    },
    {
        "Label": "Statement Date",
        "value": "11/05/23"
    },
    {
        "Label": "GSTIN-",
        "value": "33AAACU2414K3ZK"
    },
    {
        "Label": "Previous balance",
        "value": "60667.99"
    },
    {
        "Label": "Total Amount Due",
        "value": "0.00"
    },
    {
        "Label": "Statement Period",
        "value": "12 April 2023 to 11 May 2023"
    },
    {
        "Label": "Credit Limit",
        "value": "67000.00"
    },
    {
        "Label": "Available Credit Limit",
        "value": "67000.00"
    },
    {
        "Label": "Available Cash Limit",
        "value": "13500.00"
    }
]