[
    {
        "Label": "Payments/Credits",
        "value": "30593.10"
    },
    {
        "Label": "Available Cash",
        "value": "91000.00"
    },
    {
        "Label": "PAYMENT DUE DATE",
        "value": "March 8 2022"
    },
    {
        "Label": "STATEMENT DATE",
        "value": "February 18 2022"
    },
    {
        "Label": "Invoice No",
        "value": "1574180200136919"
    },
    {
        "Label": "Previous Balance",
        "value": "28112.72"
    },
    {
        "Label": "Total Amount due",
        "value": "21056.42"
    },
    {
        "Label": "Minimum Amount due",
        "value": "5470.00"
    },
    {
        "Label": "Purchases/Charges",
        "value": "23536.80"
    },
    {
        "Label": "Cash Advances",
        "value": "0.00"
    },
    {
        "Label": "Credit Limit (Including cash)",
        "value": "910000.00"
    },
    {
        "Label": "Available Credit (Including cash)",
        "value": "869542.73"
    },
    {
        "Label": "Cash Limit",
        "value": "91000.00"
    }
]