[
    {
        "Label": "CASHBACK EARNED",
        "value": "200 Cr"
    },
    {
        "Label": "Payment Due Date",
        "value": "05/06/2023"
    },
    {
        "Label": "Previous Balance",
        "value": "1872332"
    },
    {
        "Label": "Total Payment Due",
        "value": "1138200"
    },
    {
        "Label": "Minimum Payment Due",
        "value": "57000"
    },
    {
        "Label": "Statement Period",
        "value": "17/04/2023"
    },
    {
        "Label": "Statement Generation Date",
        "value": "15/05/2023"
    },
    {
        "Label": "Credit Card Number",
        "value": "533467"
    },
    {
        "Label": "Credit Limit",
        "value": "44500000"
    },
    {
        "Label": "Available Credit Limit",
        "value": "42582894"
    },
    {
        "Label": "Available Cash Limit",
        "value": "13350000"
    },
    {
        "Label": "Card No",
        "value": "533467******7288"
    },
    {
        "Label": "Name",
        "value": "BHASKAR HARIBHUSHAN BANIK"
    }
]