[
    {
        "Label": "Amount",
        "value": "2835.00"
    },
    {
        "Label": "Payments & Credits",
        "value": "2835.00"
    },
    {
        "Label": "Available Cash Limit",
        "value": "22800.00"
    },
    {
        "Label": "Payment Due Date",
        "value": "Not Applicable"
    },
    {
        "Label": "Statement Date",
        "value": "15-09-2022"
    },
    {
        "Label": "Total Amount Due PAY NOW",
        "value": "0.00"
    },
    {
        "Label": "Min.Amt.Due",
        "value": "0.00"
    },
    {
        "Label": "Last Bill Amount",
        "value": "2835.00"
    },
    {
        "Label": "Total Credit Limit",
        "value": "463600"
    },
    {
        "Label": "Opening Balance",
        "value": "1197"
    },
    {
        "Label": "Available Credit Limit",
        "value": "459560.65"
    },
    {
        "Label": "Available Reward Points",
        "value": "1226"
    },
    {
        "Label": "E-mail",
        "value": "*R@GMAIL.COM"
    }
]