[
    {
        "Label": "3",
        "value": "UPI Payment Received"
    },
    {
        "Label": "3",
        "value": "4286.00 CR"
    },
    {
        "Label": "3",
        "value": "5991904868"
    },
    {
        "Label": "3",
        "value": "Interest Amount Amortization <2/9>9 EMIAMAZON"
    },
    {
        "Label": "3",
        "value": "361.17"
    },
    {
        "Label": "3",
        "value": "5994873640"
    },
    {
        "Label": "3",
        "value": "26/03/2022"
    },
    {
        "Label": "3",
        "value": "0"
    },
    {
        "Label": "3",
        "value": "Principal Amount Amortization <2/9>9 EMIAMAZON"
    },
    {
        "Label": "3",
        "value": "3717.15"
    },
    {
        "Label": "3",
        "value": "5994873643"
    },
    {
        "Label": "3",
        "value": "26/03/2022"
    },
    {
        "Label": "3",
        "value": "0"
    },
    {
        "Label": "Our registered office address",
        "value": "ICICI Bank Tower Near Chakli Circle Old Padra Road Vadodara 390 007."
    },
    {
        "Label": "Payments/Credits",
        "value": "4286.00"
    },
    {
        "Label": "PAYMENT DUE DATE",
        "value": "April 29 2022"
    },
    {
        "Label": "STATEMENT DATE",
        "value": "April 11 2022"
    },
    {
        "Label": "Invoice No",
        "value": "1574110400465308"
    },
    {
        "Label": "ICICI Bank Credit Card GST Number",
        "value": "27AAACI1195H3ZK"
    },
    {
        "Label": "ICICI Bank Credit Card GST Number",
        "value": "27AAACI1195H3ZK"
    },
    {
        "Label": "Previous Balance",
        "value": "4285.86"
    },
    {
        "Label": "Total Amount due",
        "value": "4143.20"
    },
    {
        "Label": "Minimum Amount due",
        "value": "4090.00"
    },
    {
        "Label": "Available Cash",
        "value": "18000.00"
    },
    {
        "Label": "OutstandingAmount*",
        "value": "28548.29"
    },
    {
        "Label": "Total Amount due",
        "value": "4143.20"
    },
    {
        "Label": "Minimum Amount due",
        "value": "4090.00"
    },
    {
        "Label": "Our registered office address",
        "value": "ICICI Bank Tower Near Chakli Circle Old Padra Road Vadodara 390 007."
    },
    {
        "Label": "Purchases/Charges",
        "value": "4143.34"
    },
    {
        "Label": "Cash Advances",
        "value": "0.00"
    },
    {
        "Label": "Credit Limit (Including cash)",
        "value": "250000.00"
    },
    {
        "Label": "Available Credit (Including cash)",
        "value": "218594.58"
    },
    {
        "Label": "Cash Limit",
        "value": "18000.00"
    },
    {
        "Label": "SGST-CI@9%",
        "value": "32.51"
    },
    {
        "Label": "Opening EarnedBalance during themonth",
        "value": "4665"
    },
    {
        "Label": "Earned Rdeemed Closingduring the during the Balancemonth month",
        "value": "0"
    },
    {
        "Label": "IMPORTANT MESSAGES",
        "value": "Safe Banking Tips Do not respond to any e-mail that offers you a loan or international job and asks for advance aprocessing fee or commission fee.Our registered office address ICICI Bank Tower Near Chakli Circle Old Padra Road Vadodara 390 007.Making only minimum payment every month can lead to repayment stretching over years with consequent interestpayment on outstanding balance.Please pay your Credit Card outstanding before the payment due date to avoid penal fees and interest charges.For any clarification or more information you may contact us through the 'Get in Touch' option at www.icicibank.comMark-up fee and corresponding GST levied is included in the transaction amount displayed.For RuPay/American Express/Visa/Mastercard Credit Cards Fuel surcharge and corresponding Goods and Services Tax(GST) levied is included in the transaction amount displayed."
    },
    {
        "Label": "HSN Code",
        "value": "997113"
    },
    {
        "Label": "Statement period",
        "value": "March 12 2022 to April 11 2022"
    },
    {
        "Label": "Place of supply",
        "value": "Maharashtra"
    },
    {
        "Label": "State Code",
        "value": "27"
    },
    {
        "Label": "CIN No.",
        "value": "L65190GJ1994PLC021012"
    },
    {
        "Label": "Page",
        "value": "of 3"
    }
]