[
    {
        "Label": "Customer Name",
        "value": "NILESH BHUPENDRA PAREKH"
    },
    {
        "Label": "Current Cash Advance",
        "value": "0.00"
    },
    {
        "Label": "Last Payments Received",
        "value": "60667.99"
    },
    {
        "Label": "Due Date",
        "value": "NO PYMT REQD"
    },
    {
        "Label": "Statement Date",
        "value": "11/05/23"
    },
    {
        "Label": "GSTIN-",
        "value": "33AAACU2414K3ZK"
    },
    {
        "Label": "GSTIN-",
        "value": "33AAACU2414K3ZK"
    },
    {
        "Label": "Previous balance",
        "value": "60667.99"
    },
    {
        "Label": "Customer Name",
        "value": "NILESH BHUPENDRA PAREKH"
    },
    {
        "Label": "Total Amount Due",
        "value": "0.00"
    },
    {
        "Label": "*",
        "value": "0.00"
    },
    {
        "Label": "Amount (in Rs)",
        "value": "60667.99CR"
    },
    {
        "Label": "Total Amount Due",
        "value": "0.00"
    },
    {
        "Label": "*",
        "value": "0.00"
    },
    {
        "Label": "(registration number",
        "value": "L65110GJ1993PLC020769)."
    },
    {
        "Label": "Statement for Citibank Card Number",
        "value": "2245"
    },
    {
        "Label": "Statement Period",
        "value": "12 April 2023 to 11 May 2023"
    },
    {
        "Label": "Update Contact Details",
        "value": "Customer NameNILESH BHUPENDRA PAREKHTo update your contact details login toCitibank Online with your InternetPassword (IPIN).To self-select IPIN (Internet Password)Click"
    },
    {
        "Label": "Current Purchases & Other Charges",
        "value": "0.00"
    },
    {
        "Label": "Pay your bill digitally via",
        "value": "IMPS 24*7 & faster-Citibank Account-"
    },
    {
        "Label": "Credit Limit",
        "value": "67000.00"
    },
    {
        "Label": "Points Earned",
        "value": "0"
    },
    {
        "Label": "Available Credit Limit",
        "value": "67000.00"
    },
    {
        "Label": "Available Cash Limit",
        "value": "13500.00"
    },
    {
        "Label": "Did you know that this statement also contains details on",
        "value": "*Accumulated Min Due if applicable will be visible along with Minimum Amount due and will be shown inside (). It represent dueswhich is inclusive of interest and charges accumulated during moratorium. This amount is to be paid to avoid reporting to bureau asRestructured."
    },
    {
        "Label": "Note",
        "value": "Please disable popup blocker to allow pop-ups from Citibank India"
    },
    {
        "Label": "Date",
        "value": "23/04"
    },
    {
        "Label": "Reference no",
        "value": "11318805469"
    },
    {
        "Label": "Transaction Details",
        "value": "IMPS PAYMENT"
    }
]