[
    {
        "Label": "Payments/Credits",
        "value": "11910.40"
    },
    {
        "Label": "PAYMENT DUE DATE",
        "value": "August 5 2022"
    },
    {
        "Label": "STATEMENT DATE",
        "value": "July 18 2022"
    },
    {
        "Label": "Invoice No",
        "value": "1574180700180984"
    },
    {
        "Label": "ICICI Bank Credit Card GST Number",
        "value": "27AAACI1195H3ZK"
    },
    {
        "Label": "CIN No.",
        "value": "L65190GJ1994PLC021012"
    },
    {
        "Label": "ICICI Bank Credit Card GST Number",
        "value": "27AAACI1195H3ZK"
    },
    {
        "Label": "Previous Balance",
        "value": "11910.40"
    },
    {
        "Label": "SGST-CI@9%",
        "value": "0.78"
    },
    {
        "Label": "CGST-CI@9%",
        "value": "0.78"
    },
    {
        "Label": "SGST-CI@9%",
        "value": "2.94"
    },
    {
        "Label": "CGST-CI@9%",
        "value": "2.94"
    },
    {
        "Label": "Total Amount due",
        "value": "31302.74"
    },
    {
        "Label": "Minimum Amount due",
        "value": "4980.00"
    },
    {
        "Label": "Available Cash",
        "value": "91000.00"
    },
    {
        "Label": "Total Amount due",
        "value": "31302.74"
    },
    {
        "Label": "Minimum Amount due",
        "value": "4980.00"
    },
    {
        "Label": "Our registered office address",
        "value": "Our registered office address ICICI Bank Tower Near Chakli Circle Old Padra Road Vadodara 390 007.Making only minimum payment every month can lead to repayment stretching over years with consequent interest"
    },
    {
        "Label": "Purchases/Charges",
        "value": "33302.74"
    },
    {
        "Label": "Cash Advances",
        "value": "0.00"
    },
    {
        "Label": "Credit Limit (Including cash)",
        "value": "910000.00"
    },
    {
        "Label": "Available Credit (Including cash)",
        "value": "878461.95"
    },
    {
        "Label": "Cash Limit",
        "value": "91000.00"
    },
    {
        "Label": "IMPORTANT MESSAGES",
        "value": "Safe Banking Tips Do not share any details with fraudsters who call under the pretext of linking your Aadhaar card withyour SIM and try to seek your account details."
    },
    {
        "Label": "HSN Code",
        "value": "997113"
    },
    {
        "Label": "Statement period",
        "value": "June 18 2022 to July 18 2022"
    },
    {
        "Label": "Place of supply",
        "value": "Maharashtra"
    },
    {
        "Label": "State Code",
        "value": "27"
    },
    {
        "Label": "Page",
        "value": "of 4"
    }
]