[
    {
        "Label": "Date",
        "value": "17 Feb 2022"
    },
    {
        "Label": "Description",
        "value": "ZOMATO PRIVATE LIMITED GURGAON IN"
    },
    {
        "Label": "Amount",
        "value": "176.82"
    },
    {
        "Label": "Date",
        "value": "18 Feb 2022"
    },
    {
        "Label": "Description",
        "value": "CHINA GARDEN THE FAMIL THANE IN"
    },
    {
        "Label": "Amount",
        "value": "1080.00"
    },
    {
        "Label": "Date",
        "value": "20 Feb 2022"
    },
    {
        "Label": "Description",
        "value": "KFC SAPPHIRE KANPUR DOMBIVALI"
    },
    {
        "Label": "Amount",
        "value": "418.00"
    },
    {
        "Label": "Date",
        "value": "27 Feb 2022"
    },
    {
        "Label": "Description",
        "value": "CHINA GARDEN THE FAMIL THANE IN"
    },
    {
        "Label": "Amount",
        "value": "1470.00"
    },
    {
        "Label": "Date",
        "value": "2 Mar 2022"
    },
    {
        "Label": "Description",
        "value": "PAYMENT RECEIVED THANK YOU"
    },
    {
        "Label": "Amount",
        "value": "7010.31"
    },
    {
        "Label": "Date",
        "value": "10 Mar 2022"
    },
    {
        "Label": "Description",
        "value": "ZOMATO PRIVATE LIMITED GURGAON"
    },
    {
        "Label": "Amount",
        "value": "121.80"
    },
    {
        "Label": "Date",
        "value": "11 Mar 2022"
    },
    {
        "Label": "Description",
        "value": "CHINA GARDEN THE FAMIL THANE"
    },
    {
        "Label": "Amount",
        "value": "890.00"
    },
    {
        "Label": "Date",
        "value": "12 Mar 2022"
    },
    {
        "Label": "Description",
        "value": "MSW*HOTEL RAMKRISHNA Mumbai"
    },
    {
        "Label": "Amount",
        "value": "929.00"
    },
    {
        "Label": "Date",
        "value": "13 Mar 2022"
    },
    {
        "Label": "Description",
        "value": "SHAGUN PURE VEG MUMBAI"
    },
    {
        "Label": "Amount",
        "value": "630.00"
    },
    {
        "Label": "Date",
        "value": "15 Mar 2022"
    },
    {
        "Label": "Description",
        "value": "Goods and Services Tax"
    },
    {
        "Label": "Amount",
        "value": "0.00"
    },
    {
        "Label": "Payments & Credits",
        "value": "7010.31"
    },
    {
        "Label": "New Debits",
        "value": "5715.62"
    },
    {
        "Label": "Payment Due Date",
        "value": "04 Apr 2022"
    },
    {
        "Label": "Statement Date",
        "value": "15-03-2022"
    },
    {
        "Label": "Total Credit Limit",
        "value": "463600"
    },
    {
        "Label": "Goods & Services Tax",
        "value": "0.00"
    },
    {
        "Label": "Total Amount Due PAY NOW",
        "value": "5715.62"
    },
    {
        "Label": "Last Bill Amount",
        "value": "7010.31"
    },
    {
        "Label": "Total Amount Due PAY NOW",
        "value": "5715.62"
    },
    {
        "Label": "Mobile",
        "value": "919XXXXXX752"
    },
    {
        "Label": "Card Number",
        "value": "XXXXXXXXXXXXXX95"
    },
    {
        "Label": "Min.Amt.Due",
        "value": "285.78"
    },
    {
        "Label": "Promocode",
        "value": "Promocode RBL10 from01/03/22 to 31/03/2022"
    },
    {
        "Label": "Goods and Services Tax",
        "value": "0.00"
    },
    {
        "Label": "Statement Period",
        "value": "16-02-2022 to 15-03-2022"
    },
    {
        "Label": "Opening Balance",
        "value": "269"
    },
    {
        "Label": "Available Credit Limit",
        "value": "457641.38"
    },
    {
        "Label": "Earned",
        "value": "0"
    },
    {
        "Label": "Available Cash Limit",
        "value": "22800.00"
    },
    {
        "Label": "Redeemed",
        "value": "0"
    },
    {
        "Label": "Adjustments",
        "value": "78"
    },
    {
        "Label": "Available Edition Cash",
        "value": "347"
    },
    {
        "Label": "E-mail",
        "value": "B*****R@GMAIL.COM"
    },
    {
        "Label": "Page",
        "value": "2"
    }
]