[
    {
        "Label": "For any assistance please visit",
        "value": "Manager Customer CareAxis Bank Ltd.NPC15th FloorGigaplex\" Plot No I.T.5 MIDC AiroliKnowledge Park AiroliNavi Mumbai-400708"
    },
    {
        "Label": "Credits + Purchase + Cash Advance + Other Debit&Charges",
        "value": "0.00"
    },
    {
        "Label": "Cash Advance + Other Debit&Charges",
        "value": "470.80"
    },
    {
        "Label": "Payments - Credits",
        "value": ""
    },
    {
        "Label": "Payment Due Date",
        "value": "05/06/2023"
    },
    {
        "Label": "GST registration no.",
        "value": "27AAACU2414K3ZD"
    },
    {
        "Label": "GST registration no.",
        "value": "27AAACU2414K3ZD"
    },
    {
        "Label": "GST registration no.",
        "value": "27AAACU2414K3ZD"
    },
    {
        "Label": "GST registration no.",
        "value": "27AAACU2414K3ZD"
    },
    {
        "Label": "Previous Balance - Payments - Credits219.57 Dr 219.57 0.00",
        "value": "219.57 Dr"
    },
    {
        "Label": "Total Payment Due",
        "value": "470.80 Dr"
    },
    {
        "Label": "Minimum Payment Due",
        "value": "100.00 Dr"
    },
    {
        "Label": "=Total Payment Due",
        "value": "470.80 Dr"
    },
    {
        "Label": "Total Payment Due",
        "value": "470.80 Dr"
    },
    {
        "Label": "Minimum Payment Due",
        "value": "100.00 Dr"
    },
    {
        "Label": "=Total Payment Due",
        "value": "470.80 Dr"
    },
    {
        "Label": "For any assistance please visit",
        "value": "Manager Customer CareAxis Bank Ltd.NPC15th FloorGigaplex\" Plot No I.T.5 MIDC AiroliKnowledge Park AiroliNavi Mumbai-400708"
    },
    {
        "Label": "Call",
        "value": "1860 419 5555"
    },
    {
        "Label": "Statement Period",
        "value": "17/04/2023 15/05/2023"
    },
    {
        "Label": "Statement Generation Date",
        "value": "15/05/2023"
    },
    {
        "Label": "Credit Card Number",
        "value": "451457 5522"
    },
    {
        "Label": "Credit Limit",
        "value": "150000.00"
    },
    {
        "Label": "Available Credit Limit",
        "value": "143582.74"
    },
    {
        "Label": "Available Cash Limit",
        "value": "30000.00"
    },
    {
        "Label": "Card No",
        "value": "451457******5522"
    },
    {
        "Label": "Name",
        "value": "ABDUL BILAL ABDUL KALAM"
    },
    {
        "Label": "CUSTOMERID",
        "value": "861946542"
    },
    {
        "Label": "ON DATE",
        "value": "11-05-2023"
    },
    {
        "Label": "Page",
        "value": "of 2"
    }
]