[
    {
        "Label": "Payments/Credits",
        "value": "3928.26"
    },
    {
        "Label": "Cash Limit",
        "value": "30000.00"
    },
    {
        "Label": "PAYMENT DUE DATE",
        "value": "December 30 2022"
    },
    {
        "Label": "STATEMENT DATE",
        "value": "December 12 2022"
    },
    {
        "Label": "ICICI Bank Credit Card GST Number",
        "value": "27AAACI1195H3ZK"
    },
    {
        "Label": "ICICI Bank Credit Card GST Number",
        "value": "27AAACI1195H3ZK"
    },
    {
        "Label": "GST Number",
        "value": ""
    },
    {
        "Label": "GST Number",
        "value": ""
    },
    {
        "Label": "Previous Balance",
        "value": "3928.26"
    },
    {
        "Label": "SGST-CI@9%",
        "value": "15.08"
    },
    {
        "Label": "CGST-CI@9%",
        "value": "15.08"
    },
    {
        "Label": "CGST-CI@9%",
        "value": "170"
    },
    {
        "Label": "Total Amount due",
        "value": "3919.56"
    },
    {
        "Label": "Minimum Amount due",
        "value": "3890.00"
    },
    {
        "Label": "Available Cash",
        "value": "30000.00"
    },
    {
        "Label": "Total Amount due",
        "value": "3919.56"
    },
    {
        "Label": "Minimum Amount due",
        "value": "3890.00"
    },
    {
        "Label": "Purchases/Charges",
        "value": "3919.56"
    },
    {
        "Label": "Cash Advances",
        "value": "0.00"
    },
    {
        "Label": "Credit Limit (Including cash)",
        "value": "300000.00"
    },
    {
        "Label": "Available Credit (Including cash)",
        "value": "284733.92"
    },
    {
        "Label": "SGST-CI@9%",
        "value": "1.27"
    },
    {
        "Label": "CGST-CI@9%",
        "value": "1.27"
    },
    {
        "Label": "SGST-Cl@9%",
        "value": "1.70"
    },
    {
        "Label": "Earned",
        "value": "0"
    },
    {
        "Label": "Earnings transfered toAmazon Pay balance*",
        "value": "0"
    },
    {
        "Label": "Our registered office address",
        "value": "ICICI Bank Tower Near Chakli Circle Old Padra Road Vadodara 390 007"
    },
    {
        "Label": "HSN Code",
        "value": "997113"
    },
    {
        "Label": "Statement period",
        "value": "November 12 2022 to December 12 2022"
    }
]