[
    {
        "Label": "Our registered office address",
        "value": "ICICI Bank Tower Near Chakli Circle Old Padra Road Vadodara 390 007."
    },
    {
        "Label": "Payments/Credits",
        "value": "30593.10"
    },
    {
        "Label": "Available Cash",
        "value": "91000.00"
    },
    {
        "Label": "PAYMENT DUE DATE",
        "value": "March 8 2022"
    },
    {
        "Label": "STATEMENT DATE",
        "value": "February 18 2022"
    },
    {
        "Label": "Invoice No",
        "value": "1574180200136919"
    },
    {
        "Label": "ICICI Bank Credit Card GST Number",
        "value": "27AAACI1195H3ZK"
    },
    {
        "Label": "CIN No.",
        "value": "L65190GJ1994PLC021012"
    },
    {
        "Label": "ICICI Bank Credit Card GST Number",
        "value": "27AAACI1195H3ZK"
    },
    {
        "Label": "Previous Balance",
        "value": "28112.72"
    },
    {
        "Label": "SGST-Cl@9%",
        "value": "3.25"
    },
    {
        "Label": "CGST-Cl@9%",
        "value": "3.25"
    },
    {
        "Label": "Total Amount due",
        "value": "21056.42"
    },
    {
        "Label": "Minimum Amount due",
        "value": "5470.00"
    },
    {
        "Label": "Total Amount due",
        "value": "21056.42"
    },
    {
        "Label": "Minimum Amount due",
        "value": "5470.00"
    },
    {
        "Label": "Our registered office address",
        "value": "ICICI Bank Tower Near Chakli Circle Old Padra Road Vadodara 390 007."
    },
    {
        "Label": "Purchases/Charges",
        "value": "23536.80"
    },
    {
        "Label": "Cash Advances",
        "value": "0.00"
    },
    {
        "Label": "Credit Limit (Including cash)",
        "value": "910000.00"
    },
    {
        "Label": "Available Credit (Including cash)",
        "value": "869542.73"
    },
    {
        "Label": "Cash Limit",
        "value": "91000.00"
    },
    {
        "Label": "HSN Code",
        "value": "997113"
    },
    {
        "Label": "Statement period",
        "value": "January 19 2022 to February 18 2022"
    },
    {
        "Label": "Place of supply",
        "value": "Maharashtra"
    },
    {
        "Label": "State Code",
        "value": "27"
    },
    {
        "Label": "Page",
        "value": "of 4"
    }
]