[
    {
        "Label": "Date",
        "value": "2 Sep 2022"
    },
    {
        "Label": "Description",
        "value": "PAYMENT RECEIVED RAZORPAY"
    },
    {
        "Label": "Amount",
        "value": "2835.00"
    },
    {
        "Label": "Payments & Credits",
        "value": "2835.00"
    },
    {
        "Label": "Transferred to EMI",
        "value": "000"
    },
    {
        "Label": "Available Cash Limit",
        "value": "22800.00"
    },
    {
        "Label": "Payment Due Date",
        "value": "Not Applicable"
    },
    {
        "Label": "Statement Date",
        "value": "15-09-2022"
    },
    {
        "Label": "+ Goods & Services Tax",
        "value": "0.00"
    },
    {
        "Label": "Total Amount Due PAY NOW",
        "value": "0.00"
    },
    {
        "Label": "Min.Amt.Due",
        "value": "0.00"
    },
    {
        "Label": "Last Bill Amount",
        "value": "2835.00"
    },
    {
        "Label": "Total Amount Due PAY NOW",
        "value": "0.00"
    },
    {
        "Label": "Min.Amt.Due",
        "value": "0.00"
    },
    {
        "Label": "Dial",
        "value": "022-71190900"
    },
    {
        "Label": "Mobile",
        "value": "919XXXXXX752"
    },
    {
        "Label": "Goods and Services Tax",
        "value": "0.00"
    },
    {
        "Label": "+ New Debits",
        "value": "0.00"
    },
    {
        "Label": "Monthly EMI Debits",
        "value": "000"
    },
    {
        "Label": "+ Fees & Charges",
        "value": "000"
    },
    {
        "Label": "Statement Period",
        "value": "16-08-2022 to 15-09-2022"
    },
    {
        "Label": "Total Credit Limit",
        "value": "463600"
    },
    {
        "Label": "Opening Balance",
        "value": "1197"
    },
    {
        "Label": "Available Credit Limit",
        "value": "459560.65"
    },
    {
        "Label": "Earned",
        "value": "0"
    },
    {
        "Label": "Redeemed",
        "value": "0"
    },
    {
        "Label": "Adjustments",
        "value": "29"
    },
    {
        "Label": "Available Reward Points",
        "value": "1226"
    },
    {
        "Label": "Bonus Points",
        "value": "0"
    },
    {
        "Label": "E-mail",
        "value": "*R@GMAIL.COM"
    },
    {
        "Label": "Points To Expire on 30-09-2022",
        "value": "0"
    }
]