[
    {
        "Label": "Date",
        "value": "27 Oct 2022"
    },
    {
        "Label": "Description",
        "value": "PAYMENT RECEIVED ELECTRONIC XFR"
    },
    {
        "Label": "Amount",
        "value": "1.00"
    },
    {
        "Label": "Date",
        "value": "28 Oct 2022"
    },
    {
        "Label": "Description",
        "value": "ANNUAL FEE REVERSAL"
    },
    {
        "Label": "Amount",
        "value": "999.00"
    },
    {
        "Label": "Date",
        "value": "31 Oct 2022"
    },
    {
        "Label": "Description",
        "value": "Paid via CRED Bengaluru"
    },
    {
        "Label": "Amount",
        "value": "7465.00"
    },
    {
        "Label": "Date",
        "value": "15 Nov 2022"
    },
    {
        "Label": "Description",
        "value": "Goods and Services Tax"
    },
    {
        "Label": "Amount",
        "value": "-179.82"
    },
    {
        "Label": "Payments & Credits",
        "value": "7466.00"
    },
    {
        "Label": "New Debits",
        "value": "000"
    },
    {
        "Label": "Transferred to EMI",
        "value": "0.00"
    },
    {
        "Label": "Available Cash Limit",
        "value": "22800.00"
    },
    {
        "Label": "Payment Due Date",
        "value": "Not Applicable"
    },
    {
        "Label": "Statement Date",
        "value": "15-11-2022"
    },
    {
        "Label": "Fees & Charges",
        "value": "-999.00"
    },
    {
        "Label": "Total Credit Limit",
        "value": "463600"
    },
    {
        "Label": "+ Goods & Services Tax",
        "value": "-179.82"
    },
    {
        "Label": "Total Amount Due PAY NOW",
        "value": "1.90"
    },
    {
        "Label": "Last Bill Amount",
        "value": "8642.92"
    },
    {
        "Label": "Total Amount Due PAY NOW",
        "value": "1.90"
    },
    {
        "Label": "Last Bill Amount",
        "value": "8642.92"
    },
    {
        "Label": "Mobile",
        "value": "919XXXXXX752"
    },
    {
        "Label": "call @",
        "value": "7045"
    },
    {
        "Label": "Card Number",
        "value": "XXXXXXXXXXXXXX02"
    },
    {
        "Label": "Min.Amt.Due",
        "value": "0.00"
    },
    {
        "Label": "Goods and Services Tax",
        "value": "-179.82"
    },
    {
        "Label": "Use Promo Code",
        "value": "YTRRBL."
    },
    {
        "Label": "Monthly EMI Debits",
        "value": "0.00"
    },
    {
        "Label": "Statement Period",
        "value": "16-10-2022 to 15-11-2022"
    },
    {
        "Label": "Opening Balance",
        "value": "1306"
    },
    {
        "Label": "Available Credit Limit",
        "value": "461739.67"
    },
    {
        "Label": "Earned",
        "value": "0"
    },
    {
        "Label": "Redeemed",
        "value": "0"
    },
    {
        "Label": "Fuel Surcharge/Cashback/ Vouchers (in INR)",
        "value": "0"
    },
    {
        "Label": "Adjustments",
        "value": "0"
    },
    {
        "Label": "Available Reward Points",
        "value": "1306"
    },
    {
        "Label": "E-mail",
        "value": "*****R@GMAIL.COM"
    },
    {
        "Label": "Bonus Points",
        "value": "0"
    },
    {
        "Label": "Points To Expire on 30-11-2022",
        "value": "381"
    }
]