[
    {
        "Label": "Date",
        "value": "16/08/2022 05:31:06"
    },
    {
        "Label": "Transaction Description",
        "value": "BHASKAR H BANIKSpayBBPS 9820349752 Vi Po 22275186"
    },
    {
        "Label": "Feature RewardPoints",
        "value": "20"
    },
    {
        "Label": "Amount (in Rs.)",
        "value": "824.82"
    },
    {
        "Label": "Date",
        "value": "14/09/2022"
    },
    {
        "Label": "Transaction Description",
        "value": "PETRO SURCHARGE WAIVER"
    },
    {
        "Label": "Feature RewardPoints",
        "value": ""
    },
    {
        "Label": "Amount (in Rs.)",
        "value": "46.08 Cr"
    },
    {
        "Label": "Date",
        "value": "14/09/2022 07:04:27"
    },
    {
        "Label": "Transaction Description",
        "value": "GIAN AUTOMOBILE"
    },
    {
        "Label": "Feature RewardPoints",
        "value": ""
    },
    {
        "Label": "Amount (in Rs.)",
        "value": "4654.28"
    },
    {
        "Label": "Date",
        "value": "15/09/2022 05:30:47"
    },
    {
        "Label": "Transaction Description",
        "value": "SpayBBPS 9820349752 Vi"
    },
    {
        "Label": "Feature RewardPoints",
        "value": "20"
    },
    {
        "Label": "Amount (in Rs.)",
        "value": "828.36"
    },
    {
        "Label": "Address",
        "value": "F#. 304 JAY MALHAR CHS LTD. OPP. SUNDARACMPLX TUKARAM NGR DOMBIVALI EMUMBAI-421201 MHS"
    },
    {
        "Label": "Name",
        "value": "BHASKAR BANIK"
    },
    {
        "Label": "Payment Due Date",
        "value": "05/10/2022"
    },
    {
        "Label": "Statement Date",
        "value": "15/09/2022"
    },
    {
        "Label": "GSTIN",
        "value": "33AAACH2702H2Z6"
    },
    {
        "Label": "GSTIN",
        "value": "33AAACH2702H2Z6"
    },
    {
        "Label": "GST No",
        "value": ""
    },
    {
        "Label": "GST No",
        "value": ""
    },
    {
        "Label": "Address",
        "value": "F#. 304 JAY MALHAR CHS LTD. OPP. SUNDARACMPLX TUKARAM NGR DOMBIVALI EMUMBAI-421201 MHS"
    },
    {
        "Label": "Name",
        "value": "BHASKAR BANIK"
    },
    {
        "Label": "Total Dues",
        "value": "6262.00"
    },
    {
        "Label": "Minimum Amount Due",
        "value": "320.00"
    },
    {
        "Label": "Total Dues",
        "value": "6262.00"
    },
    {
        "Label": "MinimumAmount Due",
        "value": "320.00"
    },
    {
        "Label": "Total Dues",
        "value": "6262.00"
    },
    {
        "Label": "Minimum Amount Due",
        "value": "320.00"
    },
    {
        "Label": "Total Dues",
        "value": "6262.00"
    },
    {
        "Label": "MinimumAmount Due",
        "value": "320.00"
    },
    {
        "Label": "HSN Code",
        "value": "997113"
    },
    {
        "Label": "Statement for HDFC Bank Credit Card",
        "value": "Card No 5522 60XX XXXX 0078AAN  0001018720007199772"
    },
    {
        "Label": "Email",
        "value": "BHASKAR.BANIK@GMAIL.COM"
    },
    {
        "Label": "Card No",
        "value": "5522 60XX XXXX 0078"
    },
    {
        "Label": "AAN",
        "value": "0001018720007199772"
    },
    {
        "Label": "Credit Limit",
        "value": "1120000"
    },
    {
        "Label": "Available Credit Limit",
        "value": "1113739"
    },
    {
        "Label": "Available Cash Limit",
        "value": "448000"
    },
    {
        "Label": "OpeningBalance",
        "value": "0.12"
    },
    {
        "Label": "Payment/Credits",
        "value": "46.08"
    },
    {
        "Label": "Purchase/Debits",
        "value": "6307.46"
    },
    {
        "Label": "FinanceCharges",
        "value": "0.00"
    },
    {
        "Label": "Overlimit",
        "value": "0.00"
    },
    {
        "Label": "3 Months+",
        "value": "0.00"
    },
    {
        "Label": "2 Months",
        "value": "0.00"
    },
    {
        "Label": "1 Month",
        "value": "0.00"
    },
    {
        "Label": "Current Dues",
        "value": "320.00"
    },
    {
        "Label": "IMPORTANT INFORMATION",
        "value": "1. BANK WILL REPORT YOU AS DEFAULTER TO CREDIT AGENCIES IF YOU MISSPAYMENT FOR MIN AMT DUE WITHIN 10 DAYS FROM DUE DATE.2. COMPLIMENTARY INSURANCE FROM HDFC ERGO. TOLL FREE +80008250825/01204507250 (CHARGEABLE) EMAIL BANKCLAIMS@HDFCERGO.COM3. W.E.F 23/07/22 REWARD POINTS EARNED ON PROPERTY MANAGEMENT SERVICESLIKE RENTWILL BE CAPPED AT 1000 RP/MONTH.REFER MITC"
    },
    {
        "Label": "Opening Balance",
        "value": "746"
    },
    {
        "Label": "Disbursed",
        "value": "0"
    },
    {
        "Label": "Adjusted/Lapsed",
        "value": "20"
    },
    {
        "Label": "Closing Balance",
        "value": "766"
    },
    {
        "Label": "Points expiring in 30 Points expiring in 60days or next month days",
        "value": "20"
    },
    {
        "Label": "days",
        "value": "20"
    }
]