[
    {
        "Label": "Our registered office address",
        "value": "ICICI Bank Tower Near Chakli Circle Old Padra Road Vadodara 390 007."
    },
    {
        "Label": "Payments/Credits",
        "value": "4134.74"
    },
    {
        "Label": "PAYMENT DUE DATE",
        "value": "June 28 2022"
    },
    {
        "Label": "STATEMENT DATE",
        "value": "June 10 2022"
    },
    {
        "Label": "Invoice No",
        "value": "1574100600553395"
    },
    {
        "Label": "ICICI Bank Credit Card GST Number",
        "value": "27AAACI1195H3ZK"
    },
    {
        "Label": "CIN No.",
        "value": "L65190GJ1994PLC021012"
    },
    {
        "Label": "ICICI Bank Credit Card GST Number",
        "value": "27AAACI1195H3ZK"
    },
    {
        "Label": "Previous Balance",
        "value": "4134.74"
    },
    {
        "Label": "Total Amount due",
        "value": "4913.04"
    },
    {
        "Label": "Minimum Amount due",
        "value": "4130.00"
    },
    {
        "Label": "Total Amount due",
        "value": "4913.04"
    },
    {
        "Label": "Minimum Amount due",
        "value": "4130.00"
    },
    {
        "Label": "Our registered office address",
        "value": "ICICI Bank Tower Near Chakli Circle Old Padra Road Vadodara 390 007."
    },
    {
        "Label": "Purchases/Charges",
        "value": "4913.04"
    },
    {
        "Label": "Cash Advances",
        "value": "0.00"
    },
    {
        "Label": "Credit Limit (Including cash)",
        "value": "250000.00"
    },
    {
        "Label": "Available Credit (Including cash)",
        "value": "225389.56"
    },
    {
        "Label": "Cash Limit",
        "value": "18000.00"
    },
    {
        "Label": "Available Cash",
        "value": "18000.00"
    },
    {
        "Label": "SGST-CI@9%",
        "value": "24.66"
    },
    {
        "Label": "OpeningBalance",
        "value": "4665"
    },
    {
        "Label": "HSN Code",
        "value": "997113"
    },
    {
        "Label": "Place of supply",
        "value": "Maharashtra"
    },
    {
        "Label": "State Code",
        "value": "27"
    },
    {
        "Label": "Page",
        "value": "of 4"
    }
]