[
    {
        "Label": "Our registered office address",
        "value": "ICICI Bank Tower Near Chakli Circle Old Padra Road Vadodara 390 007."
    },
    {
        "Label": "Payments Credits",
        "value": "7210.94"
    },
    {
        "Label": "Available Credit (Including cash)",
        "value": "87842.60"
    },
    {
        "Label": "PAYMENT DUE DATE",
        "value": "January 29 2023"
    },
    {
        "Label": "STATEMENT DATE",
        "value": "January 11 2023"
    },
    {
        "Label": "Invoice No",
        "value": "1574110100513016"
    },
    {
        "Label": "ICICI Bank Credit Card GST Number",
        "value": "27AAACI1195H3ZK"
    },
    {
        "Label": "CIN No.",
        "value": "L65190GJ1994PLC021012"
    },
    {
        "Label": "ICICI Bank Credit Card GST Number",
        "value": "27AAACI1195H3ZK"
    },
    {
        "Label": "Previous Balance",
        "value": "7210.94"
    },
    {
        "Label": "Total Amount due",
        "value": "8157.40"
    },
    {
        "Label": "Minimum Amount due",
        "value": "440.00"
    },
    {
        "Label": "Total Amount due",
        "value": "8157.40"
    },
    {
        "Label": "Minimum Amount due",
        "value": "440.00"
    },
    {
        "Label": "Our registered office address",
        "value": "ICICI Bank Tower Near Chakli Circle Old Padra Road Vadodara 390 007."
    },
    {
        "Label": "Purchases Charges",
        "value": "8157.40"
    },
    {
        "Label": "Cash Advances",
        "value": "0.00"
    },
    {
        "Label": "Credit Limit (Including cash)",
        "value": "96000.00"
    },
    {
        "Label": "Cash Limit",
        "value": "0.00"
    },
    {
        "Label": "Available Cash",
        "value": "0.00"
    },
    {
        "Label": "IMPORTANT MESSAGES",
        "value": "Safe Banking TipsICICI Bank Credit Card GST Number 27AAACI1195H3ZKOur registered office address ICICI Bank Tower Near Chakli Circle Old Padra Road Vadodara 390 007.HSN Code 997113 Credit Granting Services including Making only minimum payment every month can lead to repayment stretching over years with consequent intereststand-by commitment guarantees & securitiespayment on outstanding balance.Statement period December 12 2022 to January 11 2023Please pay your Credit Card outstanding before the payment due date to avoid penal fees and interest charges.Place of supply MaharashtraFor any clarification or more information you may contact us through the 'Get in Touch' option at www.icicibank.comState Code 27Mark-up fee and corresponding GST levied is included in the transaction amount displayed.For RuPay/American Express/Visa/Mastercard Credit Cards Fuel surcharge and corresponding Goods and Services Tax(GST) levied is included in the transaction amount displayed.Payment through UPI is subject to the limits set by respective payment service providers."
    },
    {
        "Label": "HSN Code",
        "value": "997113"
    },
    {
        "Label": "Statement period",
        "value": "December 12 2022 to January 11 2023"
    },
    {
        "Label": "Place of supply",
        "value": "Maharashtra"
    },
    {
        "Label": "State Code",
        "value": "27"
    },
    {
        "Label": "Page",
        "value": "of 4"
    }
]