[
    {
        "Label": "Date",
        "value": "26/03/2023 09:55:51"
    },
    {
        "Label": "Transaction Description",
        "value": "ABDUL BILAL KALAMRAJENDRA SERVICES MUMBAI"
    },
    {
        "Label": "Feature RewardPoints",
        "value": ""
    },
    {
        "Label": "Amount (in Rs.)",
        "value": "330.80"
    },
    {
        "Label": "Date",
        "value": "30/03/2023"
    },
    {
        "Label": "Transaction Description",
        "value": "PETRO SURCHARGE WAIVER"
    },
    {
        "Label": "Feature RewardPoints",
        "value": ""
    },
    {
        "Label": "Amount (in Rs.)",
        "value": "5.38 Cr"
    },
    {
        "Label": "Date",
        "value": "30/03/2023 05:30:39"
    },
    {
        "Label": "Transaction Description",
        "value": "SpayBBPS 152207248 Adani 30880264"
    },
    {
        "Label": "Feature RewardPoints",
        "value": "40"
    },
    {
        "Label": "Amount (in Rs.)",
        "value": "1640.00"
    },
    {
        "Label": "Date",
        "value": "30/03/2023 05:30:40"
    },
    {
        "Label": "Transaction Description",
        "value": "SpayBBPS 101210618 Adani 30880268"
    },
    {
        "Label": "Feature RewardPoints",
        "value": "36"
    },
    {
        "Label": "Amount (in Rs.)",
        "value": "1430.00"
    },
    {
        "Label": "Date",
        "value": "30/03/2023 14:58:47"
    },
    {
        "Label": "Transaction Description",
        "value": "ZOMATO LIMITED"
    },
    {
        "Label": "Feature RewardPoints",
        "value": "4"
    },
    {
        "Label": "Amount (in Rs.)",
        "value": "262.50"
    },
    {
        "Label": "Date",
        "value": "30/03/2023 09:52:22"
    },
    {
        "Label": "Transaction Description",
        "value": "CAR CARE CENTRE - HPCL MUMBAI"
    },
    {
        "Label": "Feature RewardPoints",
        "value": ""
    },
    {
        "Label": "Amount (in Rs.)",
        "value": "543.45"
    },
    {
        "Label": "Date",
        "value": "31/03/2023 22:57:57"
    },
    {
        "Label": "Transaction Description",
        "value": "00000000000331016125121)"
    },
    {
        "Label": "Feature RewardPoints",
        "value": ""
    },
    {
        "Label": "Amount (in Rs.)",
        "value": "8072.00"
    },
    {
        "Label": "Transaction Description",
        "value": "IMPS PMT 309022275242 9211 (Ref# 00000000000331016125121)"
    },
    {
        "Label": "Date",
        "value": "31/03/2023 21:47:09"
    },
    {
        "Label": "Transaction Description",
        "value": "00000000000331015864688)"
    },
    {
        "Label": "Feature RewardPoints",
        "value": ""
    },
    {
        "Label": "Amount (in Rs.)",
        "value": "10000.00 Cr"
    },
    {
        "Label": "Transaction Description",
        "value": "IMPS PMT 309021039023 9211 (Ref# 00000000000331015864688)"
    },
    {
        "Label": "Date",
        "value": "03/04/2023 16:49:00"
    },
    {
        "Label": "Transaction Description",
        "value": "ZOMATO LIMITED"
    },
    {
        "Label": "Feature RewardPoints",
        "value": "4"
    },
    {
        "Label": "Amount (in Rs.)",
        "value": "177.19"
    },
    {
        "Label": "Date",
        "value": "04/04/2023 18:54:47"
    },
    {
        "Label": "Transaction Description",
        "value": "D SIXTY NINE RESIDENCY THANE"
    },
    {
        "Label": "Feature RewardPoints",
        "value": "32"
    },
    {
        "Label": "Amount (in Rs.)",
        "value": "1200.00"
    },
    {
        "Label": "Date",
        "value": "05/04/2023 10:09:28"
    },
    {
        "Label": "Transaction Description",
        "value": "RAVI AUTO SERVICES MUMBAI"
    },
    {
        "Label": "Feature RewardPoints",
        "value": ""
    },
    {
        "Label": "Amount (in Rs.)",
        "value": "536.56"
    },
    {
        "Label": "Date",
        "value": "05/04/2023 15:41:50"
    },
    {
        "Label": "Transaction Description",
        "value": "ZOMATO LIMITED"
    },
    {
        "Label": "Feature RewardPoints",
        "value": "4"
    },
    {
        "Label": "Amount (in Rs.)",
        "value": "167.50"
    },
    {
        "Label": "Date",
        "value": "05/04/2023"
    },
    {
        "Label": "Transaction Description",
        "value": "PETRO SURCHARGE WAIVER"
    },
    {
        "Label": "Feature RewardPoints",
        "value": ""
    },
    {
        "Label": "Amount (in Rs.)",
        "value": "5.31 Cr"
    },
    {
        "Label": "Date",
        "value": "09/04/2023"
    },
    {
        "Label": "Transaction Description",
        "value": "PETRO SURCHARGE WAIVER"
    },
    {
        "Label": "Feature RewardPoints",
        "value": ""
    },
    {
        "Label": "Amount (in Rs.)",
        "value": "4.26 Cr"
    },
    {
        "Label": "Date",
        "value": "09/04/2023 08:08:50"
    },
    {
        "Label": "Transaction Description",
        "value": "BP COCO KANDIVALI MUMBAI"
    },
    {
        "Label": "Feature RewardPoints",
        "value": ""
    },
    {
        "Label": "Amount (in Rs.)",
        "value": "429.90"
    },
    {
        "Label": "Date",
        "value": "11/04/2023 11:37:24"
    },
    {
        "Label": "Transaction Description",
        "value": "CHAMUNDI PETROLEUM MUMBAI"
    },
    {
        "Label": "Feature RewardPoints",
        "value": ""
    },
    {
        "Label": "Amount (in Rs.)",
        "value": "470.77"
    },
    {
        "Label": "Date",
        "value": "11/04/2023 16:12:42"
    },
    {
        "Label": "Transaction Description",
        "value": "PUSHP VATIKA PANVEL"
    },
    {
        "Label": "Feature RewardPoints",
        "value": "100"
    },
    {
        "Label": "Amount (in Rs.)",
        "value": "3867.00"
    },
    {
        "Label": "Address",
        "value": "MANIHAR CHAWL AZAD COMPOUND NEARNOORANI MASJID GANDI NGR KANDIVLI WEST SUBURBAN MUMBAI-400067 MHS"
    },
    {
        "Label": "Name",
        "value": "ABDUL BILAL ABDUL KALAM"
    },
    {
        "Label": "Purchase/Debits",
        "value": "14125.17"
    },
    {
        "Label": "Payment Due Date",
        "value": "11/05/2023"
    },
    {
        "Label": "Statement Date",
        "value": "21/04/2023"
    },
    {
        "Label": "GSTIN",
        "value": "33AAACH2702H2Z6"
    },
    {
        "Label": "AAN",
        "value": "0001011960006609796"
    },
    {
        "Label": "GSTIN",
        "value": "33AAACH2702H2Z6"
    },
    {
        "Label": "GST No",
        "value": ""
    },
    {
        "Label": "GST No",
        "value": ""
    },
    {
        "Label": "Address",
        "value": "MANIHAR CHAWL AZAD COMPOUND NEARNOORANI MASJID GANDI NGR KANDIVLI WEST SUBURBAN MUMBAI-400067 MHS"
    },
    {
        "Label": "Name",
        "value": "ABDUL BILAL ABDUL KALAM"
    },
    {
        "Label": "Total Dues",
        "value": "14096.00"
    },
    {
        "Label": "Minimum Amount Due",
        "value": "710.00"
    },
    {
        "Label": "Total Dues",
        "value": "14096.00"
    },
    {
        "Label": "MinimumAmount Due",
        "value": "710.00"
    },
    {
        "Label": "Total Dues",
        "value": "14096.00"
    },
    {
        "Label": "Minimum Amount Due",
        "value": "710.00"
    },
    {
        "Label": "Total Dues",
        "value": "14096.00"
    },
    {
        "Label": "MinimumAmount Due",
        "value": "710.00"
    },
    {
        "Label": "HSN Code",
        "value": "997113"
    },
    {
        "Label": "Statement for HDFC Bank Credit Card",
        "value": "Card No 5523 65XX XXXX 9794AAN  0001011960006609796"
    },
    {
        "Label": "Email",
        "value": "ABDULBILAL.KHAN@GMAIL.COM"
    },
    {
        "Label": "Card No",
        "value": "5523 65XX XXXX 9794"
    },
    {
        "Label": "Credit Limit",
        "value": "264000"
    },
    {
        "Label": "Available Credit Limit",
        "value": "249904"
    },
    {
        "Label": "Available Cash Limit",
        "value": "105600"
    },
    {
        "Label": "OpeningBalance",
        "value": "18072.46"
    },
    {
        "Label": "Payment/Credits",
        "value": "18101.19"
    },
    {
        "Label": "FinanceCharges",
        "value": "0.00"
    },
    {
        "Label": "Overlimit",
        "value": "0.00"
    },
    {
        "Label": "3 Months+",
        "value": "0.00"
    },
    {
        "Label": "2 Months",
        "value": "0.00"
    },
    {
        "Label": "1 Month",
        "value": "0.00"
    },
    {
        "Label": "Current Dues",
        "value": "710.00"
    },
    {
        "Label": "IMPORTANT INFORMATION",
        "value": "1. BANK WILL REPORT YOU AS DEFAULTER TO CREDIT AGENCIES IF YOU MISSPAYMENT FOR MINIMUM AMOUNT BY 3 DAYS FROM THE DUE DATE"
    },
    {
        "Label": "EMAIL",
        "value": "BANKCLAIMS@HDFCERGO.COM"
    },
    {
        "Label": "REVISED",
        "value": "REVISED MOST IMP.TERMS & CONDITIONS WEF. 1 JAN 2023-READ GENERALT&C|SCHEDULE OF CHARGES & REWARD POINTS ON HDFCBANK.COM"
    },
    {
        "Label": "Page",
        "value": "1"
    }
]