[
    {
        "Label": "Payments",
        "value": "177000"
    },
    {
        "Label": "AMOUNT (Rs)",
        "value": "177000 Cr"
    },
    {
        "Label": "Payment Due Date",
        "value": "10/10/2022"
    },
    {
        "Label": "Statement Generation Date",
        "value": "17/09/2022"
    },
    {
        "Label": "DATE",
        "value": "30/08/2022"
    },
    {
        "Label": "GST registration no",
        "value": "27AAACU2414K3ZD"
    },
    {
        "Label": "GST registration 0",
        "value": "27AAACU2414K3ZD"
    },
    {
        "Label": "GST registration no",
        "value": "27AAACU2414K3ZD"
    },
    {
        "Label": "GST registration 0",
        "value": "27AAACU2414K3ZD"
    },
    {
        "Label": "Previous Balance - Payments - Credits + Purchase + Cash",
        "value": "177000 Dr"
    },
    {
        "Label": "Total Payment Due",
        "value": "000"
    },
    {
        "Label": "Minimum Payment Due",
        "value": "000"
    },
    {
        "Label": "=Total Payment Due",
        "value": "000"
    },
    {
        "Label": "Total Payment Due",
        "value": "000"
    },
    {
        "Label": "Minimum Payment Due",
        "value": "000"
    },
    {
        "Label": "=Total Payment Due",
        "value": "000"
    },
    {
        "Label": "Call",
        "value": "1860 419 5555"
    },
    {
        "Label": "Grievance Redressal",
        "value": "080 61865200"
    },
    {
        "Label": "Statement Period",
        "value": "20/08/2022"
    },
    {
        "Label": "Credit Card Number",
        "value": "559342 4486"
    },
    {
        "Label": "Credit Limit",
        "value": "66500000"
    },
    {
        "Label": "Available Credit Limit",
        "value": "66500000"
    },
    {
        "Label": "Available Cash Limit",
        "value": "19950000"
    },
    {
        "Label": "TRANSACTION DETAILS",
        "value": "Card No 559342 *4486 Name"
    },
    {
        "Label": "Card No",
        "value": "559342 *4486"
    },
    {
        "Label": "Name",
        "value": "BHASKAR HARIBHUSHAN BANIK"
    },
    {
        "Label": "IMPORTANT MESSAGE",
        "value": "Axis Bank Maharashtra GST registration 0 27AAACU2414K3ZD"
    },
    {
        "Label": "ON DATE",
        "value": "12-09-2022"
    },
    {
        "Label": "Page",
        "value": "of 2"
    }
]