[
    {
        "Label": "Previous",
        "value": "25/04/2023"
    },
    {
        "Label": "Balance",
        "value": "7470551344"
    },
    {
        "Label": "Purchases/Charges",
        "value": "CARAT LANE MUMBAI IN"
    },
    {
        "Label": "Cash",
        "value": ""
    },
    {
        "Label": "Advances",
        "value": "240"
    },
    {
        "Label": "Payments",
        "value": ""
    },
    {
        "Label": "/ Credits",
        "value": "24039.00"
    },
    {
        "Label": "Previous",
        "value": "01/05/2023"
    },
    {
        "Label": "Balance",
        "value": "7488322887"
    },
    {
        "Label": "Purchases/Charges",
        "value": "UPI Payment Received"
    },
    {
        "Label": "Cash",
        "value": ""
    },
    {
        "Label": "Advances",
        "value": "0"
    },
    {
        "Label": "Payments",
        "value": ""
    },
    {
        "Label": "/ Credits",
        "value": "10375.40 CR"
    },
    {
        "Label": "Previous",
        "value": "10/05/2023"
    },
    {
        "Label": "Balance",
        "value": "7529758847"
    },
    {
        "Label": "Purchases/Charges",
        "value": "Interest Amount Amortization <3/3>"
    },
    {
        "Label": "Advances",
        "value": "0"
    },
    {
        "Label": "Payments",
        "value": ""
    },
    {
        "Label": "/ Credits",
        "value": "127.44"
    },
    {
        "Label": "Our registered office address",
        "value": "ICICI Bank Tower Near Chakli Circle Old Padra Road Vadodara 390 007."
    },
    {
        "Label": "Payments/Credits",
        "value": "10375.40"
    },
    {
        "Label": "Available Cash",
        "value": "30000.00"
    },
    {
        "Label": "Cash Limit",
        "value": "30000.00"
    },
    {
        "Label": "PAYMENT DUE DATE",
        "value": "May 30 2023"
    },
    {
        "Label": "STATEMENT DATE",
        "value": "May 12 2023"
    },
    {
        "Label": "Invoice No",
        "value": "1574120501188070"
    },
    {
        "Label": "ICICI Bank Credit Card GST Number",
        "value": "27AAACI1195H3ZK"
    },
    {
        "Label": "CIN No.",
        "value": "L65190GJ1994PLC021012"
    },
    {
        "Label": "ICICI Bank Credit Card GST Number",
        "value": "27AAACI1195H3ZK"
    },
    {
        "Label": "Previous Balance",
        "value": "10375.40"
    },
    {
        "Label": "SGST-CI@9%",
        "value": "11.47"
    },
    {
        "Label": "Total Amount due",
        "value": "34391.74"
    },
    {
        "Label": "Minimum Amount due",
        "value": "11540.00"
    },
    {
        "Label": "Total Amount due",
        "value": "34391.74"
    },
    {
        "Label": "Minimum Amount due",
        "value": "11540.00"
    },
    {
        "Label": "Our registered office address",
        "value": "ICICI Bank Tower Near Chakli Circle Old Padra Road Vadodara 390 007."
    },
    {
        "Label": "Purchases/Charges",
        "value": "34391.74"
    },
    {
        "Label": "Cash Advances",
        "value": "0.00"
    },
    {
        "Label": "Credit Limit (Including cash)",
        "value": "300000.00"
    },
    {
        "Label": "Available Credit (Including cash)",
        "value": "265608.26"
    },
    {
        "Label": "Principal Amount Amortization <3/3>",
        "value": "10202.36"
    },
    {
        "Label": "IMPORTANT MESSAGES",
        "value": "partner merchants.Safe Banking TipsEarnings on qualifying expenditure on Amazon Pay ICICI Bank CreditCard will be added to your Amazon Pay account within 2 Business Our registered office address ICICI Bank Tower Near Chakli Circle Old Padra Road Vadodara 390 007.Days of monthly Credit Card statement generation as per the Making only minimum payment every month can lead to repayment stretching over years with consequent interestexisting cycle if your account is not delinquent or cancelled at thepayment on outstanding balance.time of such credit.Please pay your Credit Card outstanding before the payment due date to avoid penal fees and interest charges.ICICI Bank Credit Card GST Number 27AAACI1195H3ZKFor any clarification or more information you may contact us through the 'Get in Touch' option at www.icicibank.comHSN Code 997113 Credit Granting Services includingstand-by commitment guarantees & securities Mark-up fee and corresponding GST levied is included in the transaction amount displayed.Statement period April 13 2023 to May 12 2023For RuPay/American press/Visa/Mastercard Credit Cards Fuel surcharge and corresponding Goods and Services TaxPlace of supply MaharashtraState Code 27 (GST) levied is included in the transaction amount displayed.Payment through UPI is subject to the limits set by respective payment service providers."
    },
    {
        "Label": "HSN Code",
        "value": "997113"
    },
    {
        "Label": "Statement period",
        "value": "April 13 2023 to May 12 2023"
    },
    {
        "Label": "Place of supply",
        "value": "Maharashtra"
    },
    {
        "Label": "State Code",
        "value": "27"
    },
    {
        "Label": "Page",
        "value": "of 4"
    }
]